Tough beauty,fieldType,name,description,productImageUrl,collection,sku,ribbon,price,surcharge,visible,discountMode,discountValue,inventory,weight,productOptionName1,productOptionType1,productOptionDescription1,productOptionName2,productOptionType2,productOptionDescription2,productOptionName3,productOptionType3,productOptionDescription3,productOptionName4,productOptionType4,productOptionDescription4,productOptionName5,productOptionType5,productOptionDescription5,productOptionName6,productOptionType6,productOptionDescription6,additionalInfoTitle1,additionalInfoDescription1,additionalInfoTitle2,additionalInfoDescription2,additionalInfoTitle3,additionalInfoDescription3,additionalInfoTitle4,additionalInfoDescription4,additionalInfoTitle5,additionalInfoDescription5,additionalInfoTitle6,additionalInfoDescription6,customTextField1,customTextCharLimit1,customTextMandatory1,customTextField2,customTextCharLimit2,customTextMandatory2,brand
product_60b5509a-a3b5-d841-504f-68912e422cda,Product,Tough Charm Bracelet,<p>Snake Chain Charm Bracelet</p><p>up to 10 Pandora Style Beads on each bracelet</p><p>*colors are selected at random*</p>,a879b4_ea42d79850a24f36bb9fdd3114b6882f~mv2.png;a879b4_33cee70a45bc4e56908cadfb712825f7~mv2.png;a879b4_c5a6da2ea76942c49a68adc44ee1380e,Charm Bracelet;Croc Charms,,New Arrival,15,,TRUE,PERCENT,0,15,0,,,,,,,,,,,,,,,,,,,,,,,,,,,,,,,,,,,,,pandora
product_f461361c-2894-08a9-a5f5-e24d385d66a6,Product,Pretty Girl Shoe Charm,<p>Prety Girl Croc Charms</p><p>Fits Croc Shoes</p><p>Charms Sold Individually&nbsp;</p><p>1PC per unit</p>,a879b4_03e5dc66f91c4b9184d68bb31568586e~mv2.png,Croc Charms,,,2,,TRUE,PERCENT,0,14,0,,,,,,,,,,,,,,,,,,,,,,,,,,,,,,,,,,,,,Croc Charms
product_6d92032c-b30b-3c6a-07bc-2961a4b9d8a5,Product,City Girls Shoe Charm,<p>City Girl Croc Charms</p><p>Fits Croc Shoes&nbsp;</p><p>Charms Sold Individually&nbsp;</p><p>1PC per unit</p>,a879b4_b162d66a8f064080801bb8612791e4c3~mv2.png,Croc Charms,,,2.5,,TRUE,PERCENT,0,13,0,,,,,,,,,,,,,,,,,,,,,,,,,,,,,,,,,,,,,Croc Charms
product_d6aa54aa-b688-6de2-e49f-fab3c5d01603,Product,Red CDG Heart Shoe Charm,<p>RED Comme De Garcon Heart Croc Charms&nbsp;</p><p>Fits Croc Shoes</p><p>Charms Sold Individually&nbsp;</p><p>1PC&nbsp;</p>,a879b4_768d0a4474a14836a3675821fbbaeec2~mv2.png,Croc Charms;Designer Inspired,,New Arrival,3,,TRUE,PERCENT,0,14,0,,,,,,,,,,,,,,,,,,,,,,,,,,,,,,,,,,,,,Croc Charms
product_71d3a252-2960-f894-48a2-aa9011fef1ef,Product,WAP Shoe Charm,<p>WAP Croc Charms</p><p>Fits Croc Shoes</p><p>Charms Sold Individually&nbsp;</p><p>1PC per unit</p>,a879b4_0ab1c0d0dc4548e7b8d96a110c3d2481~mv2.png,Croc Charms,,,2.5,,TRUE,PERCENT,0,10,0,,,,,,,,,,,,,,,,,,,,,,,,,,,,,,,,,,,,,Croc Charms
product_2c6b8438-751d-d192-0f63-0619bb478086,Product,Bunny Tongues,<p>Rolling Stone Croc Charm</p><p>Fits Croc Shoes and</p><p>Charms Sold Individually&nbsp;</p><p>1PC per unit</p>,a879b4_0b912aa199d546868f36b22d253ad679~mv2.png,Croc Charms,,,2,,TRUE,PERCENT,0,15,0,,,,,,,,,,,,,,,,,,,,,,,,,,,,,,,,,,,,,Croc Charms
product_939b9c1f-6ff7-1351-f307-3cfd410cbdab,Product,BLUE LA Shoe Charm,<p>Blue LA Croc Charm</p><p>Fits Croc Shoes</p><p>Charms Sold Individually&nbsp;</p><p>1PC per unit</p>,a879b4_217cccd0ff6543b69dd19af1cb3304d4~mv2.png,Croc Charms,,,2.5,,TRUE,PERCENT,0,15,0,,,,,,,,,,,,,,,,,,,,,,,,,,,,,,,,,,,,,Croc Charms
product_48e9fafd-513f-9db2-6f02-d13c928d5eb6,Product,PlayGirl Shoe Charm,<p>Playboy Croc Charmss&nbsp;</p><p>Fits Croc Shoes and &nbsp;Silicone Bracelet&nbsp;</p><p>Charms Sold Individually&nbsp;</p><p>1PC per unit</p>,a879b4_64f6f879854845069b4df63024ad390f~mv2.png,Croc Charms,,,2.5,,TRUE,PERCENT,0,15,0,,,,,,,,,,,,,,,,,,,,,,,,,,,,,,,,,,,,,
product_77e23acb-a449-47f5-b81d-ab11b3dfc8c3,Product,Out of Office Shoe Charm,<p>Out of Office Croc Charm</p><p>Fits Croc Shoes</p><p>Charms Sold Individually&nbsp;</p><p>1PC per unit</p>,a879b4_e3af0caddd3a4a1eafc168d15ae4c71c~mv2.png,Croc Charms,,,2,,TRUE,PERCENT,0,15,0,,,,,,,,,,,,,,,,,,,,,,,,,,,,,,,,,,,,,Croc Charms
product_60614f0a-aeeb-bef7-0206-3fb38e4ea5a2,Product,Booked & Busy Shoe Charm,<p>Booked &amp; Busy Croc Charms</p><p>Fits Croc Shoes</p><p>Charms Sold Individually&nbsp;</p><p>1PC per unit</p>,a879b4_77d561aaaec34840a120957cc2dec9e9~mv2.png,Croc Charms,,,2,,TRUE,PERCENT,0,13,0,,,,,,,,,,,,,,,,,,,,,,,,,,,,,,,,,,,,,Croc Charms
product_a02b2ed4-d517-fe60-01e2-250c7aec9e6f,Product,I smell fear on you Shoe Charm,<p>Louise Belcher Croc Charms</p><p>Fits Croc Shoes&nbsp;</p><p>Charms Sold Individually&nbsp;</p><p>1PC per unit</p>,a879b4_318680a256ad43158c6b07d1f230cf4e~mv2.png,Croc Charms,,,2.5,,TRUE,PERCENT,0,15,0,,,,,,,,,,,,,,,,,,,,,,,,,,,,,,,,,,,,,Croc Charms
product_c3f2ff96-23a3-5144-31e0-1bc283645518,Product,Real Friends Shoe Charm,<p>Real Friend Croc Charms</p><p>Fits Croc Shoes</p><p>Charms Sold Individually&nbsp;</p><p>1PC per unit</p>,a879b4_e4c5bd6d830a4efcbe67fde16892522e~mv2.png,Croc Charms,,New Arrival,2.5,,TRUE,PERCENT,0,15,0,,,,,,,,,,,,,,,,,,,,,,,,,,,,,,,,,,,,,Croc Charms
product_07f5b146-7e5a-3576-c843-ce265527e7a2,Product,Big NY Shoe Charm,<p>New York or NY&nbsp;Croc Charms</p><p>Fits Croc Shoes&nbsp;</p><p>Charms Sold Individually&nbsp;</p><p>1PC per unit</p>,a879b4_8e2d8c16201c48a6a77c0c811e0936ae~mv2.png,Croc Charms,,New Arrival,2.5,,TRUE,PERCENT,0,9,0,,,,,,,,,,,,,,,,,,,,,,,,,,,,,,,,,,,,,Croc Charms
product_c8f2f8ee-f528-8817-18d5-c9ae0624e786,Product,Double C's Shoe Charm,<p>Chanel Inspired Croc Charms</p><p>Fits Croc Shoes</p><p>Charms Sold Individually&nbsp;</p><p>1PC per unit</p>,a879b4_8ae73b28a3da4b2ab8df9793c482a940~mv2.png,Croc Charms;Designer Inspired,,,3,,TRUE,PERCENT,0,15,0,,,,,,,,,,,,,,,,,,,,,,,,,,,,,,,,,,,,,Croc Charms
product_198d50fc-4daf-6ca1-d31c-07de958d0251,Product,DIO Shoe Charm,<p>Dior Croc Charms</p><p>Fits Croc Shoes&nbsp;</p><p>Charms Sold Individually&nbsp;</p><p>1PC per unit</p>,a879b4_c770650c7f6e4176b87e51004339b4de~mv2.png,Croc Charms;Designer Inspired,,,3,,TRUE,PERCENT,0,5,0,,,,,,,,,,,,,,,,,,,,,,,,,,,,,,,,,,,,,Croc Charms
product_6d40bd6c-8bf6-74cc-8732-0c9a609cdefd,Product,Self Love Club Shoe Charm,<p>Self Love Club Croc Charms</p><p>Fits Croc Shoes&nbsp;</p><p>Charms Sold Individually&nbsp;</p><p>1PC per unit</p>,a879b4_ffde7e27a76b406d9f582bc9a2b8696e~mv2.png,Croc Charms,,,2.5,,TRUE,PERCENT,0,13,0,,,,,,,,,,,,,,,,,,,,,,,,,,,,,,,,,,,,,Croc Charms
product_d95ca5bb-f8d4-e91d-4b28-938cdb0129e7,Product,LV Shoe Charms,<p>LV Inspied&nbsp;Croc Charms</p><p>Fits Croc Shoes&nbsp;</p><p>Charms Sold Individually&nbsp;</p><p>1PC per unit</p>,a879b4_1d668a7d047649c081dda1e334ff434d~mv2.png,Croc Charms;Designer Inspired,,,3,,TRUE,PERCENT,0,10,0,,,,,,,,,,,,,,,,,,,,,,,,,,,,,,,,,,,,,Croc Charms
product_4760e507-a35e-78e9-bc6f-da4a2120343c,Product,YSL Shoe Charm,<p>YSL Shoe Charms</p><p>Fits Croc Shoes</p><p>Charms Sold Individually&nbsp;</p><p>1PC per unit</p>,a879b4_888278958a8b490193c0d7105329da0c~mv2.png,Croc Charms;Designer Inspired,,,3,,TRUE,PERCENT,0,15,0,,,,,,,,,,,,,,,,,,,,,,,,,,,,,,,,,,,,,Croc Charms
product_c88879f2-cd5a-2e52-4585-47b79eef98db,Product,Sunkissed Set Shoe Charm,<p>Yellow Nail Croc Charmss&nbsp;</p><p>Fits Croc Shoes</p><p>Charms Sold Individually&nbsp;</p><p>1PC per unit</p>,a879b4_d6c21e38a67b4e64b66f2fc8411849d2~mv2.png,Croc Charms,,,2.5,,TRUE,PERCENT,0,17,0,,,,,,,,,,,,,,,,,,,,,,,,,,,,,,,,,,,,,Croc Charms
product_7455edfc-5462-6255-7d7b-a077de9d0678,Product,Prouda Shoe Charms,<p>Green Prada Croc Charmss&nbsp;</p><p>Fits Croc Shoes and &nbsp;Silicone Bracelet&nbsp;</p><p>Charms Sold Individually&nbsp;</p><p>1PC per unit</p>,a879b4_ae4d6a690402481a903c84cd08c71c36~mv2.png,Croc Charms;Designer Inspired,,,3,,TRUE,PERCENT,0,13,0,,,,,,,,,,,,,,,,,,,,,,,,,,,,,,,,,,,,,Croc Charms
product_3c6c268d-72e7-ed7e-ce72-e765fb0e4d65,Product,Prouda Croc Charm,<p>Black Prada Croc Charms</p><p>Fits Croc Shoes and &nbsp;Silicone Bracelet&nbsp;</p><p>Charms Sold Individually&nbsp;</p><p>1PC per unit</p>,a879b4_a09ec73f8adf4e2bac05e6d5d22a44c5~mv2.png,Croc Charms;Designer Inspired,,New Arrival,3,,TRUE,PERCENT,0,10,0,,,,,,,,,,,,,,,,,,,,,,,,,,,,,,,,,,,,,Croc Charms
product_c870cb48-b84e-495a-749e-c2e38294aa3c,Product,Prouda Shoe Charm,<p>PurplePrada Croc Charms</p><p>Fits Croc Shoes and &nbsp;Silicone Bracelet&nbsp;</p><p>Charms Sold Individually&nbsp;</p><p>1PC per unit</p>,a879b4_c0edd54e9d7f4f1b8a5f81306d8b3e84~mv2.png,Croc Charms;Designer Inspired,,,3,,TRUE,PERCENT,0,10,0,,,,,,,,,,,,,,,,,,,,,,,,,,,,,,,,,,,,,Croc Charms
product_d0c36cb3-a0e6-a68e-280d-3ed82344b5c2,Product,Pink LA Shoe Charms,<p>LA PINK Croc Charms</p><p>Fits Croc Shoes and &nbsp;Silicone Bracelet&nbsp;</p><p>Charms Sold Individually&nbsp;</p><p>1PC per unit</p>,a879b4_188648f070644a26b83517036fdba4a8~mv2.png,Croc Charms;Designer Inspired,,,2.5,,TRUE,PERCENT,0,10,0,,,,,,,,,,,,,,,,,,,,,,,,,,,,,,,,,,,,,Croc Charms
product_1a31759d-56e3-1ba0-a56f-79089f5f99ab,Product,Supreme Inspired Shoe Charm,<p>Supreme Croc Charmss&nbsp;</p><p>Fits Croc Shoes and &nbsp;Silicone Bracelet&nbsp;</p><p>Charms Sold Individually&nbsp;</p><p>1PC per unit</p>,a879b4_96d4098ff23f4390a2026e2b68ddf5c3~mv2.png,Croc Charms;Designer Inspired,,New Arrival,3,,TRUE,PERCENT,0,10,0,,,,,,,,,,,,,,,,,,,,,,,,,,,,,,,,,,,,,Croc Charms
product_9eff0b94-eafd-939f-21db-3fe6f12b6744,Product,Black CDG Heart Shoe Charm,<p>Comme De Garcon Heart Croc Charms&nbsp;</p><p>Fits Croc Shoes</p><p>Charms Sold Individually&nbsp;</p><p>1PC&nbsp;</p>,a879b4_9439a6e82b134f3f9d893ebebfda2596~mv2.png,Croc Charms;Designer Inspired,,New Arrival,3,,TRUE,PERCENT,0,10,0,,,,,,,,,,,,,,,,,,,,,,,,,,,,,,,,,,,,,Croc Charms
product_9bc90a6f-ca05-46ae-a66b-104efd02131a,Product,Vintage Chocolate themed purse,Brand Name: ENJOININ<br>Shape: FLAP<br>Place Of Origin: GUANG DONG Province<br>Handbags Type: Shoulder Bags<br>Types of bags: Shoulder &amp; Crossbody Bags<br>Origin: CN(Origin)<br>Main Material: PU<br>Closure Type: Hasp<br>Hardness: HARD<br>Exterior: Open Pocket<br>Style: Fashion<br>Model Number: 2021-1<br>Lining Material: Polyester<br>Occasion: Versatile<br>Gender: WOMEN<br>Pattern Type: Solid<br>Number of Handles/Straps: Single<br>Interior: No Pocket<br>Decoration: None<br>Item Type: Handbags,a879b4_442c8a07925147908fac8505693a45dd~mv2.jpg;a879b4_22feee7c12ea446fb0d6b974fda6820c~mv2.jpg;a879b4_39b4dafdc26241fdbd6a61f971cf942a~mv2.jpg;a879b4_7f278ce1ea134a5ea60fed19a9185fbf~mv2.jpg;a879b4_1c55a6cbd4ae46ee9571f749dbe575e9~mv2.jpg;a879b4_07e4f578f71f487490e39b6b051191e9~mv2.jpg;a879b4_9352238a50654df5ae61266ea9a9907b~mv2.jpg;a879b4_c7f317373f54425286714a4c15fb6f9b~mv2.jpg;a879b4_2e9b945cb0914e86aadaf620a2a3b910~mv2.jpg,,1.01E+15,,35.75,,TRUE,PERCENT,0,0,0,Color,DROP_DOWN,Beige;black;Coffee,,,,,,,,,,,,,,,,,,,,,,,,,,,,,,,,,,
product_6c0ffd6e-bb00-4fa4-a5bf-61ecb9784ca5,Variant,,,,,100;5:100014064#18x7.5x20 CM-32758504244,,,0,TRUE,,,20,,,,Sequins silver,,,China,,,,,,,,,,,,,,,,,,,,,,,,,,,,,,,
product_6c0ffd6e-bb00-4fa4-a5bf-61ecb9784ca5,Variant,,,,,100;5:100014064#18x7.5x20 CM-32758504244,,,0,FALSE,,,0,,,,Pu Gold,,,China,,,,,,,,,,,,,,,,,,,,,,,,,,,,,,,
product_950e6e67-84f3-41af-9f12-03288e2902b2,Product,Make Money Not Friends Purse,Brand Name: ENJOININ<br>Shape: Square<br>Place Of Origin: GUANG DONG Province<br>Handbags Type: Shoulder Bags<br>Types of bags: Shoulder &amp; Crossbody Bags<br>Origin: CN(Origin)<br>Main Material: PU<br>Closure Type: zipper<br>Hardness: SOFT<br>Exterior: Open Pocket<br>Style: Fashion<br>Model Number: 2020-7-F<br>Lining Material: Polyester<br>Occasion: Versatile<br>Gender: WOMEN<br>Pattern Type: Solid<br>Number of Handles/Straps: Single<br>Interior: No Pocket<br>Decoration: Appliques<br>Decoration: Cartoon Printing<br>Item Type: Handbags,a879b4_1d50d23a271a44da873dbd4842e9be2b~mv2.jpg;a879b4_955b22306e9447d093bca736ac92dfd8~mv2.jpg;a879b4_00189752220c484ea1a095a08866e5ef~mv2.jpg;a879b4_ef195985b94040e8b3ec52d891c19b0b~mv2.jpg;a879b4_2aefe921d3f1414dab940d97c1379c25~mv2.jpg;a879b4_411dcc221346459fbd93cc88872d41e9~mv2.jpg;a879b4_331cf36b5f2441f5900a30d8478cd460~mv2.jpg;a879b4_174eb7ecbaa4437ba445c229fe0fce85~mv2.png;a879b4_42c184342d2046ef97a9d6cb6b890f11~mv2.jpg;a879b4_97e130ae3b9b49d98a8b0d740c79fb3a~mv2.png;a879b4_731f4ac1deb642d38acb7bbf689a3b23~mv2.jpg,New;Purses,4001247465952,,35,,TRUE,PERCENT,0,0,0,Color,DROP_DOWN,black;Pink;Light Green,,,,,,,,,,,,,,,,,,,,,,,,,,,,,,,,,,
product_950e6e67-84f3-41af-9f12-03288e2902b2,Variant,,,,,14:193-4001247465952,,,0,TRUE,,,4,,,,black,,,,,,,,,,,,,,,,,,,,,,,,,,,,,,,,,,
product_950e6e67-84f3-41af-9f12-03288e2902b2,Variant,,,,,14:1052-4001247465952,,,0,FALSE,,,0,,,,Pink,,,,,,,,,,,,,,,,,,,,,,,,,,,,,,,,,,
product_950e6e67-84f3-41af-9f12-03288e2902b2,Variant,,,,,14:200006152-4001247465952,,,0,FALSE,,,0,,,,Light Green,,,,,,,,,,,,,,,,,,,,,,,,,,,,,,,,,,
product_07815d88-7240-4e8e-be70-a7f25ce97a2a,Product,Studded Headbands,,a879b4_fb1844d37862465d98c265a6dc21496d~mv2.jpg;a879b4_38770cb7ae25404f88b75914ed963d16~mv2.jpg;a879b4_aaccd5666afe4989aec928e9db718280~mv2.jpg;a879b4_d496501bb14d472fa44073aebcd71a6d~mv2.jpg;a879b4_4007e464f251402f8aac5300359a75b0~mv2.jpg;a879b4_ae4becddba2942c4b9dff3b52ad215e1~mv2.jpg;a879b4_44e95515844e49b7b4e54a5b7b0c42dd~mv2.jpg;a879b4_058e7981b05e48b883f031ab4c31fac3~mv2.jpg;a879b4_2466a3b942d74a768e61194fc0eab145~mv2.jpg;a879b4_41d8063e40f64b2c891b2d13ad4ee0a2~mv2.jpg;a879b4_39799b4aa4654f289881256be465092f~mv2.jpg;a879b4_409553872bc34339b15cbb8ac8a36dcf~mv2.jpg;a879b4_83153e627e6444b1992945a4e62ee2b5~mv2.jpg;a879b4_deac3608ba4747f6bbfdcdc92177f1e9~mv2.jpg;a879b4_3b6ecc19a25c4a649c735ac9a8aca1d0~mv2.jpg;a879b4_55e5c67752734da58fc3ac21cf560c26~mv2.jpg;a879b4_74972c4e7223435baa8820527af0c979~mv2.jpg;a879b4_56634ab117614f4c986e1b885a985625~mv2.jpg;a879b4_b50b4d8c987a4169a27fa971fa847ded~mv2.jpg;a879b4_8e31e2fd106f446ba7f9e8056abeadc9~mv2.jpg;a879b4_b522e3b0ccac46139ff180a187d20d35~mv2.jpg;a879b4_6ba36fba02604ab79c9a702f105bd109~mv2.jpg;a879b4_9cf77f933df842ee97b13b7ba90b989b~mv2.jpg;a879b4_1c4bd5cceeab45c7b77c5918fbd76100~mv2.jpg;a879b4_1b30820a23e44972923f9a4de6de7f8f~mv2.jpg;a879b4_90a1b5f27ec04ad4a5e9d6ffd988dbfd~mv2.jpg;a879b4_2fee22d9996344fe93f2488b14211e6c~mv2.jpg;a879b4_4101c90d98aa4836b78a090e7a522d15~mv2.jpg;a879b4_7c2249a6bd584d7aa7562038688a7132~mv2.jpg,,1600095132551,,9,,TRUE,PERCENT,0,0,0,Color,DROP_DOWN,Champagne;White;Black;pink;blue and coffee;Black and coffee;blue;shiver;Green;red;colorful;4,,,,,,,,,,,,,,,,,,,,,,,,,,,,,,,,,,
product_07815d88-7240-4e8e-be70-a7f25ce97a2a,Variant,,,,,101903368978,,,0,TRUE,,,9999,,,,4,,,,,,,,,,,,,,,,,,,,,,,,,,,,,,,,,,
product_07815d88-7240-4e8e-be70-a7f25ce97a2a,Variant,,,,,100369460330,,,6,TRUE,,,9999,,,,shiver,,,,,,,,,,,,,,,,,,,,,,,,,,,,,,,,,,
product_07815d88-7240-4e8e-be70-a7f25ce97a2a,Variant,,,,,100269528586,,,6,TRUE,,,9999,,,,pink,,,,,,,,,,,,,,,,,,,,,,,,,,,,,,,,,,
product_07815d88-7240-4e8e-be70-a7f25ce97a2a,Variant,,,,,100369460333,,,6,TRUE,,,9999,,,,colorful,,,,,,,,,,,,,,,,,,,,,,,,,,,,,,,,,,
product_07815d88-7240-4e8e-be70-a7f25ce97a2a,Variant,,,,,100369460331,,,6,TRUE,,,9999,,,,Green,,,,,,,,,,,,,,,,,,,,,,,,,,,,,,,,,,
product_07815d88-7240-4e8e-be70-a7f25ce97a2a,Variant,,,,,100269528587,,,6,TRUE,,,9999,,,,blue and coffee,,,,,,,,,,,,,,,,,,,,,,,,,,,,,,,,,,
product_07815d88-7240-4e8e-be70-a7f25ce97a2a,Variant,,,,,100369460332,,,6,TRUE,,,9999,,,,red,,,,,,,,,,,,,,,,,,,,,,,,,,,,,,,,,,
product_07815d88-7240-4e8e-be70-a7f25ce97a2a,Variant,,,,,100269528588,,,6,TRUE,,,9999,,,,Black and coffee,,,,,,,,,,,,,,,,,,,,,,,,,,,,,,,,,,
product_07815d88-7240-4e8e-be70-a7f25ce97a2a,Variant,,,,,100269528583,,,6,TRUE,,,9999,,,,Champagne,,,,,,,,,,,,,,,,,,,,,,,,,,,,,,,,,,
product_07815d88-7240-4e8e-be70-a7f25ce97a2a,Variant,,,,,100269528584,,,6,TRUE,,,9999,,,,White,,,,,,,,,,,,,,,,,,,,,,,,,,,,,,,,,,
product_07815d88-7240-4e8e-be70-a7f25ce97a2a,Variant,,,,,100269528589,,,6,TRUE,,,9999,,,,blue,,,,,,,,,,,,,,,,,,,,,,,,,,,,,,,,,,
product_07815d88-7240-4e8e-be70-a7f25ce97a2a,Variant,,,,,100269528585,,,6,TRUE,,,9999,,,,Black,,,,,,,,,,,,,,,,,,,,,,,,,,,,,,,,,,
product_bfb88328-93e0-4f58-a9c7-8f6d85264d61,Product,Rhinestone Headband,,a879b4_26b8250767614b7c962d6590a0445193~mv2.jpg;a879b4_eadd819c2e744c2ea071f5b62d1c92a8~mv2.jpg;a879b4_85d7c0761df44f678be3f994cb6a7779~mv2.jpg;a879b4_bffa2d476e15458d93aaa607646652c3~mv2.jpg;a879b4_f14e75ddbbc14caf95ac5169c25785df~mv2.jpg;a879b4_b022a205e54646d7832960a5a7e0fb86~mv2.jpg;a879b4_3a9a6dc61f354a19aa28366d5c4c2fc8~mv2.jpg;a879b4_6e298ce925e246c695cfa7902581e969~mv2.jpg;a879b4_aab4d1c89eab44f290a144f3d3222565~mv2.jpg;a879b4_59c99c0648644221b5765d7c7538e8cf~mv2.jpg;a879b4_047d8b05b5d74a55bb000d4aa6a7a8cd~mv2.jpg;a879b4_f20741022d334bc9a116b0a379cecfa3~mv2.jpg;a879b4_46622b7ef2a14f0d9c30fe32a4cc2698~mv2.jpg;a879b4_834773e2c5714216ab1e5cfbbd24c722~mv2.jpg;a879b4_716efa7c41b446e885e698bcb015bb67~mv2.jpg;a879b4_9e2e5de0dd84444e926d7c7bfccb15f0~mv2.jpg;a879b4_e15cc895120448a2b742814ae917961b~mv2.jpg;a879b4_bbf810e1929549d29050db78b6bb9cf2~mv2.jpg;a879b4_9dadcff8e8a44483a6ba2ea45e84c37d~mv2.jpg;a879b4_b3100be64c9844af8e29e46dd228f897~mv2.jpg;a879b4_b0d47dca3f1b4c039a7e3ea8281e7354~mv2.jpg;a879b4_fcb7d7512fc14c3691274ff407a78e9d~mv2.jpg;a879b4_d50de988c6124c26ada662b58d251306~mv2.jpg;a879b4_deded7a9bfbc48fcbebdac049443368d~mv2.jpg,,1600257011852,,15,,TRUE,PERCENT,0,0,0,Color,DROP_DOWN,1;2;3;4;5;6;7;8;9;10;11;12;13;14;15;16;17;18,,,,,,,,,,,,,,,,,,,,,,,,,,,,,,,,,,
product_bfb88328-93e0-4f58-a9c7-8f6d85264d61,Variant,,,,,101438660173,,,0,TRUE,,,9999,,,,12,,,,,,,,,,,,,,,,,,,,,,,,,,,,,,,,,,
product_bfb88328-93e0-4f58-a9c7-8f6d85264d61,Variant,,,,,101438660169,,,0,TRUE,,,9999,,,,8,,,,,,,,,,,,,,,,,,,,,,,,,,,,,,,,,,
product_bfb88328-93e0-4f58-a9c7-8f6d85264d61,Variant,,,,,101438660165,,,0,TRUE,,,9999,,,,4,,,,,,,,,,,,,,,,,,,,,,,,,,,,,,,,,,
product_bfb88328-93e0-4f58-a9c7-8f6d85264d61,Variant,,,,,101438660176,,,0,TRUE,,,9999,,,,15,,,,,,,,,,,,,,,,,,,,,,,,,,,,,,,,,,
product_bfb88328-93e0-4f58-a9c7-8f6d85264d61,Variant,,,,,101438660172,,,0,TRUE,,,9999,,,,11,,,,,,,,,,,,,,,,,,,,,,,,,,,,,,,,,,
product_bfb88328-93e0-4f58-a9c7-8f6d85264d61,Variant,,,,,101438660170,,,0,TRUE,,,9999,,,,9,,,,,,,,,,,,,,,,,,,,,,,,,,,,,,,,,,
product_bfb88328-93e0-4f58-a9c7-8f6d85264d61,Variant,,,,,101438660174,,,0,TRUE,,,9999,,,,13,,,,,,,,,,,,,,,,,,,,,,,,,,,,,,,,,,
product_bfb88328-93e0-4f58-a9c7-8f6d85264d61,Variant,,,,,101438660177,,,0,TRUE,,,9999,,,,16,,,,,,,,,,,,,,,,,,,,,,,,,,,,,,,,,,
product_bfb88328-93e0-4f58-a9c7-8f6d85264d61,Variant,,,,,101438660166,,,0,TRUE,,,9999,,,,5,,,,,,,,,,,,,,,,,,,,,,,,,,,,,,,,,,
product_bfb88328-93e0-4f58-a9c7-8f6d85264d61,Variant,,,,,101438660171,,,0,TRUE,,,9999,,,,10,,,,,,,,,,,,,,,,,,,,,,,,,,,,,,,,,,
product_bfb88328-93e0-4f58-a9c7-8f6d85264d61,Variant,,,,,101438660167,,,0,TRUE,,,9999,,,,6,,,,,,,,,,,,,,,,,,,,,,,,,,,,,,,,,,
product_bfb88328-93e0-4f58-a9c7-8f6d85264d61,Variant,,,,,101438660162,,,0,TRUE,,,9999,,,,1,,,,,,,,,,,,,,,,,,,,,,,,,,,,,,,,,,
product_bfb88328-93e0-4f58-a9c7-8f6d85264d61,Variant,,,,,101438660178,,,0,TRUE,,,9999,,,,17,,,,,,,,,,,,,,,,,,,,,,,,,,,,,,,,,,
product_bfb88328-93e0-4f58-a9c7-8f6d85264d61,Variant,,,,,101438660175,,,0,TRUE,,,9999,,,,14,,,,,,,,,,,,,,,,,,,,,,,,,,,,,,,,,,
product_bfb88328-93e0-4f58-a9c7-8f6d85264d61,Variant,,,,,101438660163,,,0,TRUE,,,9999,,,,2,,,,,,,,,,,,,,,,,,,,,,,,,,,,,,,,,,
product_bfb88328-93e0-4f58-a9c7-8f6d85264d61,Variant,,,,,101438660179,,,0,TRUE,,,9999,,,,18,,,,,,,,,,,,,,,,,,,,,,,,,,,,,,,,,,
product_bfb88328-93e0-4f58-a9c7-8f6d85264d61,Variant,,,,,101438660168,,,0,TRUE,,,9999,,,,7,,,,,,,,,,,,,,,,,,,,,,,,,,,,,,,,,,
product_bfb88328-93e0-4f58-a9c7-8f6d85264d61,Variant,,,,,101438660164,,,0,TRUE,,,9999,,,,3,,,,,,,,,,,,,,,,,,,,,,,,,,,,,,,,,,
product_07ee4bc5-1ba4-4091-9090-b0dece13b031,Product,Smoking Kills Crossbody Chain Purse,,a879b4_a3d5f9a207624aaca20c9fae65de15ec~mv2.jpg;a879b4_45c9c81f7f7e4a4fbde3720b657ac029~mv2.jpg;a879b4_bb9aa2e2e455496d81e1035cbf12c3f7~mv2.jpg;a879b4_22ba1c08d9dc4652a46f1a77d81b95dc~mv2.jpg;a879b4_90a6e483355c4b3c90b1bad34c08da0c~mv2.jpg;a879b4_856209844da742c7a9d5f5720825036e~mv2.jpg;a879b4_35f557b198c54d43b5ea069a07a09a32~mv2.jpg;a879b4_bef1b40bc6284730b8fabd9dd41499b9~mv2.jpg;a879b4_67cdfa660f2d460da1e8a61160bed659~mv2.jpg;a879b4_582bf0ea589743d18039a4e1466482b4~mv2.jpg,,1600351636792,,30,,TRUE,PERCENT,0,0,0,Color,DROP_DOWN,handbag 1;handbag 2;handbag 3;handbag 4,,,,,,,,,,,,,,,,,,,,,,,,,,,,,,,,,,
product_07ee4bc5-1ba4-4091-9090-b0dece13b031,Variant,,,,,102084168724,,,0,TRUE,,,9999,,,,handbag 1,,,,,,,,,,,,,,,,,,,,,,,,,,,,,,,,,,
product_07ee4bc5-1ba4-4091-9090-b0dece13b031,Variant,,,,,102084168725,,,0,TRUE,,,9999,,,,handbag 2,,,,,,,,,,,,,,,,,,,,,,,,,,,,,,,,,,
product_07ee4bc5-1ba4-4091-9090-b0dece13b031,Variant,,,,,102084168726,,,0,TRUE,,,9999,,,,handbag 3,,,,,,,,,,,,,,,,,,,,,,,,,,,,,,,,,,
product_07ee4bc5-1ba4-4091-9090-b0dece13b031,Variant,,,,,102084168727,,,0,TRUE,,,9999,,,,handbag 4,,,,,,,,,,,,,,,,,,,,,,,,,,,,,,,,,,
product_287c1f1e-9537-4c7c-9383-e4710cf58d04,Product,Record Player AirPod Case,,a879b4_973947c14df545ae8dff9bba9c61d9de~mv2.jpg;a879b4_36b688e68eb143d28252466c948e1704~mv2.jpg;a879b4_1899dcea36ab421d8ce406db4610477b~mv2.jpg;a879b4_9d8b20987e42414baf5cc61a5b6b160a~mv2.jpg;a879b4_93eab3bb463b40bfb0b8e3de6952e993~mv2.jpg;a879b4_df0090afb293408685e41893964d7f8f~mv2.jpg;a879b4_b7316ef3d46040259e625021c46e286c~mv2.jpg;a879b4_616babb92f464cf4b431a5c7caedf33e~mv2.jpg,Airpods,1600252248839,,12,,TRUE,PERCENT,0,0,0,Color,DROP_DOWN,for airpods 1/2;for airpods pro,,,,,,,,,,,,,,,,,,,,,,,,,,,,,,,,,,
product_287c1f1e-9537-4c7c-9383-e4710cf58d04,Variant,,,,,101408766203,,,0,TRUE,,,9999,,,,for airpods 1/2,,,,,,,,,,,,,,,,,,,,,,,,,,,,,,,,,,
product_287c1f1e-9537-4c7c-9383-e4710cf58d04,Variant,,,,,101408766204,,,0,TRUE,,,9999,,,,for airpods pro,,,,,,,,,,,,,,,,,,,,,,,,,,,,,,,,,,
product_04cdd856-56ca-472e-adc6-4f1d4fb474d8,Product,Retro Speaker AirPod Case,,a879b4_43dd8996dd754246a1e449c6c754d812~mv2.jpg;a879b4_fb11186cf7e347efad0c8fb801da5f3e~mv2.jpg;a879b4_81f6ec67306447788dba363a9e400da7~mv2.jpg;a879b4_d7fc869382d54482b561f7b399f8e5e6~mv2.jpg;a879b4_d1960f9b4c0b41b0979e0da98c876756~mv2.jpg;a879b4_ee38c11b075643f692dbbbdfdbf0f5fd~mv2.jpg;a879b4_0b3fdae21c864bc8933b798e4a39bdbf~mv2.jpg;a879b4_163b43ed046149629c2f7f59af1d2f9e~mv2.jpg,Airpods,1600096123573,,12,,TRUE,PERCENT,0,0,0,Color,DROP_DOWN,1;2,,,,,,,,,,,,,,,,,,,,,,,,,,,,,,,,,,
product_04cdd856-56ca-472e-adc6-4f1d4fb474d8,Variant,,,,,100276594314,,,0,TRUE,,,9999,,,,1,,,,,,,,,,,,,,,,,,,,,,,,,,,,,,,,,,
product_04cdd856-56ca-472e-adc6-4f1d4fb474d8,Variant,,,,,100311374080,,,0,TRUE,,,9999,,,,2,,,,,,,,,,,,,,,,,,,,,,,,,,,,,,,,,,
product_7aefa92d-b6dc-4756-9ad0-a7b372bafdcd,Product,Abstract Art IPhone case,,a879b4_8fd74b2b410247128cf1ce4fb42cb55d~mv2.jpg;a879b4_be0471dea0f74cf0bfc9f4c7f861ac2e~mv2.jpg;a879b4_e6acce385fb44be8acc2ec7bb9816992~mv2.jpg;a879b4_7e1a37fe1ee8404ebb23ec3960c29a4e~mv2.jpg;a879b4_10afea93e09442a9ae9dbae00602bec3~mv2.jpg;a879b4_2de59c0046d24870b5517e5e02dcb591~mv2.jpg;a879b4_aca7aa697a7d4da6bdfeec4d34744c89~mv2.jpg;a879b4_632fae53e62140bd88719f17021b5cd8~mv2.jpg;a879b4_4a931d30968e4775914c8c5d498bc0c5~mv2.jpg;a879b4_29ff8d6b94104cd6a716db1fc7a0c23d~mv2.jpg;a879b4_a4c919cd114c4bb4b17abcad9a7bd507~mv2.jpg;a879b4_dd9778f993064d038acccaef1b3fc0d2~mv2.jpg;a879b4_55240268d409417cbb2d291c81577eb4~mv2.jpg;a879b4_dd97a5db92b6481c934ac501457835da~mv2.jpg;a879b4_7ac40bc2c1bc43c48605a2714eb98d65~mv2.jpg;a879b4_3a8920bf15b543d4838d6e5585c3fca8~mv2.jpg;a879b4_e93795c36a8744869431c4363fac2259~mv2.jpg;a879b4_16bc73fd301f4e1b85f90e7169c25542~mv2.jpg;a879b4_036fc911a9a246db9546bbd59ca92495~mv2.jpg,New;Phone Cases,1600301396447,,12,,TRUE,PERCENT,0,0,0,Compatible Model,DROP_DOWN,For iPhone 12 Pro max 6.7inch;For iPhone 12 Pro 6.1inch;For iPhone 12 6.1inch;For iPhone 12 mini 5.4inch;For iPhone 11 Pro Max;For iPhone 11 Pro;For iPhone 11;For iPhone SE 2020;For iPhone XR;For iPhone XS Max;for iPhone X/XS;For iPhone 7/8 Plus;for iPhone 7/8,,,,,,,,,,,,,,,,,,,,,,,,,,,,,,,,,,
product_7aefa92d-b6dc-4756-9ad0-a7b372bafdcd,Variant,,,,,101745201394,,,0,TRUE,,,9999,,,,For iPhone 7/8 Plus,,,,,,,,,,,,,,,,,,,,,,,,,,,,,,,,,,
product_7aefa92d-b6dc-4756-9ad0-a7b372bafdcd,Variant,,,,,101745201390,,,0,TRUE,,,9999,,,,For iPhone SE 2020,,,,,,,,,,,,,,,,,,,,,,,,,,,,,,,,,,
product_7aefa92d-b6dc-4756-9ad0-a7b372bafdcd,Variant,,,,,101745201386,,,0,TRUE,,,9999,,,,For iPhone 12 mini 5.4inch,,,,,,,,,,,,,,,,,,,,,,,,,,,,,,,,,,
product_7aefa92d-b6dc-4756-9ad0-a7b372bafdcd,Variant,,,,,101745201393,,,0,TRUE,,,9999,,,,for iPhone X/XS,,,,,,,,,,,,,,,,,,,,,,,,,,,,,,,,,,
product_7aefa92d-b6dc-4756-9ad0-a7b372bafdcd,Variant,,,,,101745201391,,,0,TRUE,,,9999,,,,For iPhone XR,,,,,,,,,,,,,,,,,,,,,,,,,,,,,,,,,,
product_7aefa92d-b6dc-4756-9ad0-a7b372bafdcd,Variant,,,,,101745201395,,,0,TRUE,,,9999,,,,for iPhone 7/8,,,,,,,,,,,,,,,,,,,,,,,,,,,,,,,,,,
product_7aefa92d-b6dc-4756-9ad0-a7b372bafdcd,Variant,,,,,101745201387,,,0,TRUE,,,9999,,,,For iPhone 11 Pro Max,,,,,,,,,,,,,,,,,,,,,,,,,,,,,,,,,,
product_7aefa92d-b6dc-4756-9ad0-a7b372bafdcd,Variant,,,,,101745201392,,,0,TRUE,,,9999,,,,For iPhone XS Max,,,,,,,,,,,,,,,,,,,,,,,,,,,,,,,,,,
product_7aefa92d-b6dc-4756-9ad0-a7b372bafdcd,Variant,,,,,101745201388,,,0,TRUE,,,9999,,,,For iPhone 11 Pro,,,,,,,,,,,,,,,,,,,,,,,,,,,,,,,,,,
product_7aefa92d-b6dc-4756-9ad0-a7b372bafdcd,Variant,,,,,101745201383,,,0,TRUE,,,9999,,,,For iPhone 12 Pro max 6.7inch,,,,,,,,,,,,,,,,,,,,,,,,,,,,,,,,,,
product_7aefa92d-b6dc-4756-9ad0-a7b372bafdcd,Variant,,,,,101745201384,,,0,TRUE,,,9999,,,,For iPhone 12 Pro 6.1inch,,,,,,,,,,,,,,,,,,,,,,,,,,,,,,,,,,
product_7aefa92d-b6dc-4756-9ad0-a7b372bafdcd,Variant,,,,,101745201389,,,0,TRUE,,,9999,,,,For iPhone 11,,,,,,,,,,,,,,,,,,,,,,,,,,,,,,,,,,
product_7aefa92d-b6dc-4756-9ad0-a7b372bafdcd,Variant,,,,,101745201385,,,0,TRUE,,,9999,,,,For iPhone 12 6.1inch,,,,,,,,,,,,,,,,,,,,,,,,,,,,,,,,,,
product_077fd606-0740-47d7-bcf3-9d925107b55b,Product,K0BE Key Chain,,a879b4_e5871872a681497caa287344847d19c1~mv2.jpg;a879b4_5c7bc71b4b5c4092bac976dce945ecfb~mv2.jpg;a879b4_b14770ba7ef049378dba3d6fe738c780~mv2.jpg;a879b4_4f7c89c6bbec425da0856a5c1ca589dc~mv2.jpg;a879b4_6926f463b0d74d7fa12fe5c6d4a7348d~mv2.jpg;a879b4_8397090c62104e4f8e83d934f1cb867d~mv2.jpg;a879b4_e1368f6682e34b09811ebc59f6d561ef~mv2.jpg;a879b4_b5f3c5b7e85e4adc9ad4d209b7b62ff3~mv2.jpg;a879b4_8e28bec710c544fdb03f943ca8c029ad~mv2.jpg;a879b4_55a45e1c35d2409eaf8e8d6f28a8bce7~mv2.jpg;a879b4_b15549297c88409487407a1a96d85941~mv2.jpg;a879b4_849bad074691442783d76c678dc2f9e3~mv2.jpg;a879b4_8abafb2cd72f4f8c84901e490b16f05a~mv2.jpg;a879b4_109d71d9037d4ee3a9dd21e70c11b45b~mv2.jpg;a879b4_48a103ca60f64e4a9eea6caac56cc0fc~mv2.jpg,Airpods;New,1600234904246,,8,,TRUE,PERCENT,0,0,0,Color,DROP_DOWN,A;B;C;D;E;F;G;H;I,,,,,,,,,,,,,,,,,,,,,,,,,,,,,,,,,,
product_077fd606-0740-47d7-bcf3-9d925107b55b,Variant,,,,,101293669963,,,0,TRUE,,,9999,,,,H,,,,,,,,,,,,,,,,,,,,,,,,,,,,,,,,,,
product_077fd606-0740-47d7-bcf3-9d925107b55b,Variant,,,,,101293669959,,,2,TRUE,,,9999,,,,D,,,,,,,,,,,,,,,,,,,,,,,,,,,,,,,,,,
product_077fd606-0740-47d7-bcf3-9d925107b55b,Variant,,,,,101293669964,,,0,TRUE,,,9999,,,,I,,,,,,,,,,,,,,,,,,,,,,,,,,,,,,,,,,
product_077fd606-0740-47d7-bcf3-9d925107b55b,Variant,,,,,101293669960,,,2,TRUE,,,9999,,,,E,,,,,,,,,,,,,,,,,,,,,,,,,,,,,,,,,,
product_077fd606-0740-47d7-bcf3-9d925107b55b,Variant,,,,,101293669961,,,4,TRUE,,,9999,,,,F,,,,,,,,,,,,,,,,,,,,,,,,,,,,,,,,,,
product_077fd606-0740-47d7-bcf3-9d925107b55b,Variant,,,,,101293669956,,,4,TRUE,,,9999,,,,A,,,,,,,,,,,,,,,,,,,,,,,,,,,,,,,,,,
product_077fd606-0740-47d7-bcf3-9d925107b55b,Variant,,,,,101293669957,,,4,TRUE,,,9999,,,,B,,,,,,,,,,,,,,,,,,,,,,,,,,,,,,,,,,
product_077fd606-0740-47d7-bcf3-9d925107b55b,Variant,,,,,101293669962,,,4,TRUE,,,9999,,,,G,,,,,,,,,,,,,,,,,,,,,,,,,,,,,,,,,,
product_077fd606-0740-47d7-bcf3-9d925107b55b,Variant,,,,,101293669958,,,2,TRUE,,,9999,,,,C,,,,,,,,,,,,,,,,,,,,,,,,,,,,,,,,,,
product_b4453aa7-fa17-47ff-9c0c-d8462b00fc1b,Product,Pink Starbucks inspired airpod cases,,a879b4_3be7e370d5f849c6ba6a2b1cb6f0a19d~mv2.jpg;a879b4_074a369ade374247b0b1e9075be9be5e~mv2.jpg;a879b4_28cc934a64b1414e93b1855e01c96c5d~mv2.jpg;a879b4_ff2f5452704649669344417fdae771fa~mv2.jpg;a879b4_df1825dd90db43519766d9cf336436e3~mv2.jpg;a879b4_869bfcb0b2c8452ca7614c45a93a89e4~mv2.jpg;a879b4_c900bd1ed7a940149f82de76049e5f7c~mv2.jpg;a879b4_7c05bcd1c4284daaa43aaef71641c9c0~mv2.jpg;a879b4_034e30d2d77d4a5f9390d46d9a6816cb~mv2.jpg;a879b4_3ed2a8e6eb2a4e3e87c532486134f58a~mv2.jpg,Airpods,1600250271238,,12,,TRUE,PERCENT,0,0,0,Color,DROP_DOWN,A for Airpod 1/2 with Chain and Cup;B for Airpod Pro with Chain and Cup;C for Airpod 1/2;D for Airpod Pro,,,,,,,,,,,,,,,,,,,,,,,,,,,,,,,,,,
product_b4453aa7-fa17-47ff-9c0c-d8462b00fc1b,Variant,,,,,101392500000,,,0,TRUE,,,9999,,,,A for Airpod 1/2 with Chain and Cup,,,,,,,,,,,,,,,,,,,,,,,,,,,,,,,,,,
product_b4453aa7-fa17-47ff-9c0c-d8462b00fc1b,Variant,,,,,101392636001,,,0,TRUE,,,9999,,,,B for Airpod Pro with Chain and Cup,,,,,,,,,,,,,,,,,,,,,,,,,,,,,,,,,,
product_b4453aa7-fa17-47ff-9c0c-d8462b00fc1b,Variant,,,,,101392636002,,,0,TRUE,,,9999,,,,C for Airpod 1/2,,,,,,,,,,,,,,,,,,,,,,,,,,,,,,,,,,
product_b4453aa7-fa17-47ff-9c0c-d8462b00fc1b,Variant,,,,,101392636003,,,0,TRUE,,,9999,,,,D for Airpod Pro,,,,,,,,,,,,,,,,,,,,,,,,,,,,,,,,,,
product_e092218f-30ab-4ab9-9741-fc8165e516a4,Product,Anime AirPod Cases,,a879b4_22005d28965940f2931df3b5b47bb3ad~mv2.jpg;a879b4_78f1fe6bd4c446e1aa70be6ee627f6c0~mv2.jpg;a879b4_4f13a797a3884b17a210982e3d9b5b09~mv2.jpg;a879b4_260d6ea0a45b4422a6a5cddbc7255c1a~mv2.jpg;a879b4_b79e4f23ed9d406cbbc1ee8fdb811ff8~mv2.jpg;a879b4_b3bb2a444a64405989887d1147a1ac0e~mv2.jpg;a879b4_6eb1170ac2d8405d804e18c47e864411~mv2.jpg;a879b4_0ea5eb6c261c46b59f91e022cadbea2e~mv2.jpg;a879b4_a63e4702f414430b98503787026f867c~mv2.jpg;a879b4_cd7174054a6443aeb1407a089407b442~mv2.jpg;a879b4_909a7446708b4832bc31f5af5cfbe8ef~mv2.jpg,Airpods,1600214173405,,12,,TRUE,PERCENT,0,0,0,Color,DROP_DOWN,#1;#2;#3;#4;#5,,,,,,,,,,,,,,,,,,,,,,,,,,,,,,,,,,
product_e092218f-30ab-4ab9-9741-fc8165e516a4,Variant,,,,,101126365887,,,0,TRUE,,,9999,,,,#4,,,,,,,,,,,,,,,,,,,,,,,,,,,,,,,,,,
product_e092218f-30ab-4ab9-9741-fc8165e516a4,Variant,,,,,101126365888,,,0,TRUE,,,9999,,,,#5,,,,,,,,,,,,,,,,,,,,,,,,,,,,,,,,,,
product_e092218f-30ab-4ab9-9741-fc8165e516a4,Variant,,,,,101126365884,,,0,TRUE,,,9999,,,,#1,,,,,,,,,,,,,,,,,,,,,,,,,,,,,,,,,,
product_e092218f-30ab-4ab9-9741-fc8165e516a4,Variant,,,,,101126365885,,,0,TRUE,,,9999,,,,#2,,,,,,,,,,,,,,,,,,,,,,,,,,,,,,,,,,
product_e092218f-30ab-4ab9-9741-fc8165e516a4,Variant,,,,,101126365886,,,0,TRUE,,,9999,,,,#3,,,,,,,,,,,,,,,,,,,,,,,,,,,,,,,,,,
product_786d23f4-7706-48d8-86b2-93ea9a4d8fbb,Product,Novelty Shirt Shaped Bag Women Handbags Ladies Fashion Chain Jacket Purse,,a879b4_c682c1e611fe49d6ac0122d1cd63808c~mv2.jpg;a879b4_5d327c3c1f7f4d089e98f7a3c347860b~mv2.jpg;a879b4_7b2f3670d4194b44ad4f364493f0c1e3~mv2.jpg;a879b4_ffb3c59a142f4b1ab83b99e5be73766c~mv2.jpg;a879b4_b2110acd8a884cf7b2f94b50ff9caec2~mv2.jpg;a879b4_39e8af413a504334ad72254daec98017~mv2.jpg;a879b4_0c47f8aaf73b4cb9bd3d6044835a0496~mv2.jpg;a879b4_014ebdb2bcf142c4abdf346811c4f0cd~mv2.jpg;a879b4_4011e41c443f4c1d9a7c47a464bf900e~mv2.jpg;a879b4_421e9690137c4f2e9cf58082c09d5231~mv2.jpg,New;Purses,1600374089846,,25,,TRUE,PERCENT,0,0,0,Color,DROP_DOWN,Green;Black;Khaki;Brown,,,,,,,,,,,,,,,,,,,,,,,,,,,,,,,,,,
product_786d23f4-7706-48d8-86b2-93ea9a4d8fbb,Variant,,,,,102207164674,,,0,TRUE,,,9999,,,,Green,,,,,,,,,,,,,,,,,,,,,,,,,,,,,,,,,,
product_786d23f4-7706-48d8-86b2-93ea9a4d8fbb,Variant,,,,,102207164675,,,5,TRUE,,,9999,,,,Black,,,,,,,,,,,,,,,,,,,,,,,,,,,,,,,,,,
product_786d23f4-7706-48d8-86b2-93ea9a4d8fbb,Variant,,,,,102207164676,,,0,TRUE,,,9999,,,,Khaki,,,,,,,,,,,,,,,,,,,,,,,,,,,,,,,,,,
product_786d23f4-7706-48d8-86b2-93ea9a4d8fbb,Variant,,,,,102207164677,,,5,TRUE,,,9999,,,,Brown,,,,,,,,,,,,,,,,,,,,,,,,,,,,,,,,,,
product_67739711-0e81-4a9b-a835-f08648667b79,Product,Trendy Studded Crossbody bags,,a879b4_706fef3b5822440d81dae47dd9d08637~mv2.jpg;a879b4_ab8c138cb34d4eecb5ffa6d26d7c14ee~mv2.jpg;a879b4_ed5afab761464c87aee4a2e0f117ea0d~mv2.jpg;a879b4_d32bd64263574cf184e7be3c4f5e9e4a~mv2.jpg;a879b4_cab49df96fd04871b2333b7636d8e971~mv2.jpg;a879b4_1d3074a3c6da44de9064878f1f61ce04~mv2.jpg;a879b4_c7272a12d2804e8cbd8e265d449b4491~mv2.jpg;a879b4_a90d82a0461e4ecd8a59868f72b29c20~mv2.jpg;a879b4_b01cabf9c9504ed38e94f2ba018dedf9~mv2.jpg;a879b4_c86e7da940d247d3ac578f3c239b4eeb~mv2.jpg;a879b4_5f609dfc0018457c8d1fb095cfa23df2~mv2.jpg;a879b4_b4ae9477469c407a909da5c7bc084719~mv2.jpg;a879b4_dc76325094ef4ebf95c2612e3da14e5e~mv2.jpg;a879b4_ea851a51ee3b44c89c6eb840b0b88974~mv2.jpg;a879b4_de997faff41d4bb5a3745a25f6e6df29~mv2.jpg;a879b4_8360dbed15a4405083a73e3e9dd0f38c~mv2.jpg;a879b4_779900a46ffa48e68dcac88b770cd408~mv2.jpg;a879b4_f37792f09ee043ec9d4d7a5f071a765d~mv2.jpg;a879b4_68824a0bfe32441aaf310a1c43317ff4~mv2.jpg;a879b4_1ff52736cb874790b7f441832babd603~mv2.jpg;a879b4_6f8a447a199244608b2f95e46c6291d6~mv2.jpg;a879b4_793bba9015f8494f83cb8b350aea1a87~mv2.png;a879b4_08350facaa6248bba2ffe59623a7d5bc~mv2.jpg;a879b4_2ac4a84d651549c09a594e8169283674~mv2.jpg;a879b4_91961f70f9174f4baf70b449c974b50f~mv2.jpg;a879b4_4c05a23e6d6f40e1bab686c0f8f69541~mv2.jpg;a879b4_f1c916f5d2234e89bb248fa7aba51969~mv2.png;a879b4_a0c5de2ba8e441209c6487a52f766841~mv2.jpg;a879b4_9d5c74dd82a94c9db05bc979f58ae584~mv2.jpg;a879b4_65fd188a92724a94a472874657b551b3~mv2.png;a879b4_a11ab26f4d374ad3b3d462615ba11854~mv2.jpg;a879b4_680c982b66694bf0b1d756cfd5c60d21~mv2.jpg;a879b4_7dcbe312ff6b4f5597cdb9c09c653cba~mv2.jpg;a879b4_383ef8f8518b4b909a345af0553b2a67~mv2.jpg;a879b4_0dfee928b9f34b7fa8e378423039f820~mv2.jpg;a879b4_2a251d6177744f44b919954dda66857f~mv2.jpg;a879b4_35ea480dea9f4ef09769934e672aff2f~mv2.jpg;a879b4_c5fa9f7bf1934eee86787c075554d7db~mv2.jpg;a879b4_3176775e3ef44c25bd5e3f0127ce240b~mv2.jpg;a879b4_0f6a2115b7f14b578fc722a909a99866~mv2.png;a879b4_9253f5b98e1f49bab57a720de7d3e75e~mv2.jpg;a879b4_06612690f5eb45c5bf671b2ce23f389a~mv2.jpg;a879b4_9d324fd58d3447c1be52fffa58b61759~mv2.jpg;a879b4_715713557fa44efeaa9913d2666971dd~mv2.jpg;a879b4_2016debb90c04fb7867c1d881ca45b5f~mv2.jpg;a879b4_d33385b2ebf042bdbf36f3ed0d82b051~mv2.jpg;a879b4_03547bd324ed474a94e49cd038fdf1f9~mv2.jpg;a879b4_e3b92cb34e464f33ae661f047bce38b6~mv2.jpg;a879b4_57c1362578ef4500a45b1aca8d104e4a~mv2.jpg,New;Purses,1600230161684,,35,,TRUE,PERCENT,0,0,0,Color,DROP_DOWN,JS00120-1;JS00120-2;JS00120-3;JS00120-4;JS00120-5;JS00120-6;JS00120-8;JS00120-10;JS00120-11;JS00120-12;JS00120-13;JS00120-14;JS00120-15;JS00101S-1;JS00101S-2;JS00101S-3;JS00101S-4;JS00101S-5;JS00101S-6;JS00101S-7;JS00101S-8;JS00120C-1;JS00120C-2;JS00120C-3;JS00120C-4;JS00120C-5;JS00103-1;JS00103-2;JS00103-3;JS00103-4;JS00103-5;JS00103-6;JS00101R-1;JS00101R-2;JS0102-1;JS0102-2;JS0102-3;JS0102-4;JS0102-5;JS00102R-1;JS00102R-2;JS00102R-3;JS00102R-4;JS00102R-5;JS00102R-6,,,,,,,,,,,,,,,,,,,,,,,,,,,,,,,,,,
product_67739711-0e81-4a9b-a835-f08648667b79,Variant,,,,,101252717401,,,10,TRUE,,,9999,,,,JS00102R-6,,,,,,,,,,,,,,,,,,,,,,,,,,,,,,,,,,
product_67739711-0e81-4a9b-a835-f08648667b79,Variant,,,,,101252717390,,,5,TRUE,,,9999,,,,JS00101R-2,,,,,,,,,,,,,,,,,,,,,,,,,,,,,,,,,,
product_67739711-0e81-4a9b-a835-f08648667b79,Variant,,,,,101252717368,,,5,TRUE,,,9999,,,,JS00120-14,,,,,,,,,,,,,,,,,,,,,,,,,,,,,,,,,,
product_67739711-0e81-4a9b-a835-f08648667b79,Variant,,,,,101252717364,,,10,TRUE,,,9999,,,,JS00120-10,,,,,,,,,,,,,,,,,,,,,,,,,,,,,,,,,,
product_67739711-0e81-4a9b-a835-f08648667b79,Variant,,,,,101252717375,,,20,TRUE,,,9999,,,,JS00101S-6,,,,,,,,,,,,,,,,,,,,,,,,,,,,,,,,,,
product_67739711-0e81-4a9b-a835-f08648667b79,Variant,,,,,101252717379,,,1,TRUE,,,9999,,,,JS00120C-2,,,,,,,,,,,,,,,,,,,,,,,,,,,,,,,,,,
product_67739711-0e81-4a9b-a835-f08648667b79,Variant,,,,,101252717358,,,5,TRUE,,,9999,,,,JS00120-4,,,,,,,,,,,,,,,,,,,,,,,,,,,,,,,,,,
product_67739711-0e81-4a9b-a835-f08648667b79,Variant,,,,,101252717396,,,10,TRUE,,,9999,,,,JS00102R-1,,,,,,,,,,,,,,,,,,,,,,,,,,,,,,,,,,
product_67739711-0e81-4a9b-a835-f08648667b79,Variant,,,,,101252717371,,,10,TRUE,,,9999,,,,JS00101S-2,,,,,,,,,,,,,,,,,,,,,,,,,,,,,,,,,,
product_67739711-0e81-4a9b-a835-f08648667b79,Variant,,,,,101252717367,,,5,TRUE,,,9999,,,,JS00120-13,,,,,,,,,,,,,,,,,,,,,,,,,,,,,,,,,,
product_67739711-0e81-4a9b-a835-f08648667b79,Variant,,,,,101252717365,,,5,TRUE,,,9999,,,,JS00120-11,,,,,,,,,,,,,,,,,,,,,,,,,,,,,,,,,,
product_67739711-0e81-4a9b-a835-f08648667b79,Variant,,,,,101252717400,,,10,TRUE,,,9999,,,,JS00102R-5,,,,,,,,,,,,,,,,,,,,,,,,,,,,,,,,,,
product_67739711-0e81-4a9b-a835-f08648667b79,Variant,,,,,101252717389,,,10,TRUE,,,9999,,,,JS00101R-1,,,,,,,,,,,,,,,,,,,,,,,,,,,,,,,,,,
product_67739711-0e81-4a9b-a835-f08648667b79,Variant,,,,,101252717378,,,1,TRUE,,,9999,,,,JS00120C-1,,,,,,,,,,,,,,,,,,,,,,,,,,,,,,,,,,
product_67739711-0e81-4a9b-a835-f08648667b79,Variant,,,,,101252717382,,,1,TRUE,,,9999,,,,JS00120C-5,,,,,,,,,,,,,,,,,,,,,,,,,,,,,,,,,,
product_67739711-0e81-4a9b-a835-f08648667b79,Variant,,,,,101252717392,,,10,TRUE,,,9999,,,,JS0102-2,,,,,,,,,,,,,,,,,,,,,,,,,,,,,,,,,,
product_85b82615-96f2-44d0-95d7-3c3ee9e71309,Product,Small Plush Purse,,a879b4_abcfbb87ad734ce9bc3d922be2c42d1f~mv2.jpeg;a879b4_7c2c5a8256a441629dc0be2efae1d3bc~mv2.jpeg;a879b4_0ef5b7f68d16424ea0e12d02d739a163~mv2.jpg;a879b4_0ae4d0748f7b460e998d5c4d304b62a3~mv2.jpeg;a879b4_0b1c7b3b75fb4d979c621d92ad0cc755~mv2.jpeg;a879b4_c36b84b583164f95be540e2e8a026311~mv2.jpeg;a879b4_185baf2677644a40b01272dfcfb557e1~mv2.jpeg;a879b4_d1bc4ed4afa04347a347ea5b218972af~mv2.jpeg;a879b4_8f94cc7a618a42a8982fabeefd3d437c~mv2.jpeg;a879b4_c18afa3eccf649869d8b36874718cc25~mv2.jpeg,New;Purses,1600361798132,,25,,TRUE,PERCENT,0,0,0,Color,DROP_DOWN,1;2;3;4,,,,,,,,,,,,,,,,,,,,,,,,,,,,,,,,,,
product_85b82615-96f2-44d0-95d7-3c3ee9e71309,Variant,,,,,102127379601,,,0,TRUE,,,9999,,,,1,,,,,,,,,,,,,,,,,,,,,,,,,,,,,,,,,,
product_85b82615-96f2-44d0-95d7-3c3ee9e71309,Variant,,,,,102127379602,,,0,TRUE,,,9999,,,,2,,,,,,,,,,,,,,,,,,,,,,,,,,,,,,,,,,
product_85b82615-96f2-44d0-95d7-3c3ee9e71309,Variant,,,,,102127379603,,,0,TRUE,,,9999,,,,3,,,,,,,,,,,,,,,,,,,,,,,,,,,,,,,,,,
product_85b82615-96f2-44d0-95d7-3c3ee9e71309,Variant,,,,,102127379604,,,0,TRUE,,,9999,,,,4,,,,,,,,,,,,,,,,,,,,,,,,,,,,,,,,,,
product_008a1fbc-9dca-4532-9898-a8c03c57c455,Product,Novelty Milk Carton Purse,,a879b4_00d5bd8f1fbc444e9d87a071beef93b0~mv2.jpg;a879b4_3cd593e3d25342af89a5d7434b14935f~mv2.jpg;a879b4_164a0efc387e426eb93bf6421016fdc3~mv2.jpg;a879b4_4722b6e3413346af831f8df14e933100~mv2.jpg;a879b4_312d4415e7ea41fd8129650f57d905aa~mv2.jpg;a879b4_b21f71f41a1b4ddca1a3dd4be860b5ff~mv2.jpg;a879b4_8fc496d17cfa4fb083c69ca31af6fa01~mv2.jpg;a879b4_16d63ee557864025a7cb086fd84ef3df~mv2.jpg,New;Purses,1600171762068,,30,,TRUE,PERCENT,0,0,0,Color,DROP_DOWN,drink purse 1;drink purse 2,,,,,,,,,,,,,,,,,,,,,,,,,,,,,,,,,,
product_008a1fbc-9dca-4532-9898-a8c03c57c455,Variant,,,,,100785283345,,,0,TRUE,,,9999,,,,drink purse 1,,,,,,,,,,,,,,,,,,,,,,,,,,,,,,,,,,
product_008a1fbc-9dca-4532-9898-a8c03c57c455,Variant,,,,,100785283346,,,0,TRUE,,,9999,,,,drink purse 2,,,,,,,,,,,,,,,,,,,,,,,,,,,,,,,,,,
product_c0c5bcc4-adfd-4f76-9d74-0c2bd64ae988,Product,Clothes Design Chain Crossbody Bag,,a879b4_54b19c78d85f487e88f8bd60fa71c122~mv2.jpg;a879b4_122e90ba63d541049ab8a0f9e5933d00~mv2.jpg;a879b4_fabe4fde2bb54401a88be227a6e688de~mv2.jpg;a879b4_1a7b6ee7c6264e0c8c20fd2e2c72997b~mv2.jpg;a879b4_543e514c221b4f3fae9b211bbcd8c69b~mv2.jpg;a879b4_f728d71d09fa4b8d87a8261560aca723~mv2.jpg;a879b4_d638af14c787433288d292416c156604~mv2.jpg;a879b4_ff7fed9c47a3430a93cc7499c3780117~mv2.jpg;a879b4_6fdf89d2a0ba4548bb8b9c6665ec0029~mv2.jpg,New;Purses,1600328012033,,25,,TRUE,PERCENT,0,0,0,Color,DROP_DOWN,White;Green;Black,,,,,,,,,,,,,,,,,,,,,,,,,,,,,,,,,,
product_c0c5bcc4-adfd-4f76-9d74-0c2bd64ae988,Variant,,,,,101923009679,,,0,TRUE,,,9999,,,,White,,,,,,,,,,,,,,,,,,,,,,,,,,,,,,,,,,
product_c0c5bcc4-adfd-4f76-9d74-0c2bd64ae988,Variant,,,,,101923009680,,,0,TRUE,,,9999,,,,Green,,,,,,,,,,,,,,,,,,,,,,,,,,,,,,,,,,
product_c0c5bcc4-adfd-4f76-9d74-0c2bd64ae988,Variant,,,,,101923009681,,,0,TRUE,,,9999,,,,Black,,,,,,,,,,,,,,,,,,,,,,,,,,,,,,,,,,
product_eb6fd9ab-9d22-47b0-aea6-67ae3d783ef6,Product,Graffiti Luxury Ladies Purse Crossbody,,a879b4_1be7e78cb63f4daf8b54467949d69bcd~mv2.jpg;a879b4_cacd3c1894ae4a589570b91cb317fb2c~mv2.jpg;a879b4_e9a9ae99d71541409ec7f23634461a2c~mv2.jpg;a879b4_e1bebdf06ec94c9f95ba172de9205c8c~mv2.jpg;a879b4_4de27eb3e72f4adea56beaba569d8058~mv2.jpg;a879b4_93fda9f7f07e47a093bdef35ddabffb1~mv2.jpg;a879b4_959b506c89a24c1bb2d7f1b31ecf8dd7~mv2.jpg;a879b4_a1750e40b62d4abf9d94c23134eea1ae~mv2.jpg;a879b4_0c3bc304888049fdaa744cad92547634~mv2.jpg;a879b4_e9cde0c4a9024c148f53a743e22d4124~mv2.jpg;a879b4_04ec9ef2e4b945238b900e6ecd5e6a5e~mv2.jpg;a879b4_cf8d19f8ab3f4666bcb211325d2b3177~mv2.jpg;a879b4_8ec26ddfb94440c583ce8ef336942782~mv2.jpg;a879b4_22c6860d2bb542b19ccfaa6ec6c74dd1~mv2.jpg;a879b4_29b1de043f5d4396869397a659353d42~mv2.jpg;a879b4_8233f032116f43d9a8a6b27417719f61~mv2.jpg;a879b4_68321c57f720413cb0bdd625ff03dc25~mv2.jpg;a879b4_e3acff6be6924c17a4464f61e51dfa6b~mv2.jpg;a879b4_25b1755090054f89a04a8c8bf5f14d87~mv2.jpg;a879b4_bf5a434cb4574bdfac7957a8d6f0e0db~mv2.jpg;a879b4_0889287949234f6abaaf39dff0aa324a~mv2.jpg;a879b4_15fec1b218634748ae3857f11b355307~mv2.jpg;a879b4_9fb0b9f27743432e9808fec1aa91249c~mv2.jpg;a879b4_ffe452284d2f4af48f2aab91ba3739bb~mv2.jpg;a879b4_773bb2e92c4741ff9de3eb039c26db95~mv2.jpg;a879b4_f39bb66e7e8e42da8bdfa234c798701e~mv2.jpg;a879b4_57fa5715af824992b9a6580ad5c5bf78~mv2.jpg,New;Purses,1600330152336,,30,,TRUE,PERCENT,0,0,0,Color,DROP_DOWN,White;Red;Purple;Green;Yellow;Black;Pink;Black graffiti;Graffiti;Black graffiti-small size;Yellow-small size;Green Snake 2-small size;Pink-small size;Graffiti-small size;Green Snake-small size;Green-small size;Purple-small size;White-small size;Red-small size;Black graffiti-small size1,,,,,,,,,,,,,,,,,,,,,,,,,,,,,,,,,,
product_eb6fd9ab-9d22-47b0-aea6-67ae3d783ef6,Variant,,,,,101937866494,,,0,TRUE,,,9999,,,,Green Snake 2-small size,,,,,,,,,,,,,,,,,,,,,,,,,,,,,,,,,,
product_eb6fd9ab-9d22-47b0-aea6-67ae3d783ef6,Variant,,,,,101937866489,,,5,TRUE,,,9999,,,,Black graffiti,,,,,,,,,,,,,,,,,,,,,,,,,,,,,,,,,,
product_eb6fd9ab-9d22-47b0-aea6-67ae3d783ef6,Variant,,,,,101937866501,,,0,TRUE,,,9999,,,,Red-small size,,,,,,,,,,,,,,,,,,,,,,,,,,,,,,,,,,
product_eb6fd9ab-9d22-47b0-aea6-67ae3d783ef6,Variant,,,,,101937866485,,,5,TRUE,,,9999,,,,Green,,,,,,,,,,,,,,,,,,,,,,,,,,,,,,,,,,
product_eb6fd9ab-9d22-47b0-aea6-67ae3d783ef6,Variant,,,,,101937866488,,,5,TRUE,,,9999,,,,Pink,,,,,,,,,,,,,,,,,,,,,,,,,,,,,,,,,,
product_86a4775f-14c3-4a4e-b01b-a1a76339b982,Product,Newspapers Chain Shoulder Clutch Bag,,a879b4_d3764327704948518601084a48f98e6b~mv2.jpg;a879b4_4734372b5f794091a70031da8f6afee4~mv2.jpg;a879b4_5ab8ad557bf24a77aaa24118ee077629~mv2.jpg;a879b4_849214d32bb348c8b47e012b57552baf~mv2.jpg;a879b4_9c7d905f255f449881d49eabff6f69b2~mv2.jpg;a879b4_6e5203b798854c4aa444144b8d85dbfd~mv2.jpg;a879b4_2dc69544685e478ebf3c938279c56f9e~mv2.jpg,New;Purses,1600191888204,,20,,TRUE,PERCENT,0,9999,0,,,,,,,,,,,,,,,,,,,,,,,,,,,,,,,,,,,,,
product_4889f003-5892-4670-be37-83606cdfcf6c,Product,Leather Key Chain with Bear,"<p>Complete your bag, keys or wallet with this beautiful luxury inspired fashion keychain.</p>",a879b4_e02b52076e5c4b2581414a70aec81a7f~mv2.png;a879b4_36260caef6e34dadba75c09d1ebdebd1~mv2.png;a879b4_209ebe0d2e894d79b7e93bea16bb2ac4~mv2.png;a879b4_9c0295d0df1c438c8ec52c9ddda5d1b1~mv2.png;a879b4_6ed84383baae4428896e81e06370a78a~mv2.png;a879b4_efa88f3bee534169a925228a979426be~mv2.png,Designer Inspired;KeyChains;New,1600294197793,New Arrival,15,,TRUE,PERCENT,0,0,0,Color,DROP_DOWN,brown bear wrist pom;white bear wrist pom;Black bear pom;Black bear wrist;White bear pom;Brown cat pom,,,,,,,,,,,,,,,,,,,,,,,,,,,,,,,,,,
product_4889f003-5892-4670-be37-83606cdfcf6c,Variant,,,,,101709137981,,,0,TRUE,,,9999,,,,Black bear wrist,,,,,,,,,,,,,,,,,,,,,,,,,,,,,,,,,,
product_4889f003-5892-4670-be37-83606cdfcf6c,Variant,,,,,101709137982,,,0,TRUE,,,9999,,,,White bear pom,,,,,,,,,,,,,,,,,,,,,,,,,,,,,,,,,,
product_4889f003-5892-4670-be37-83606cdfcf6c,Variant,,,,,101709137983,,,0,TRUE,,,9999,,,,Brown cat pom,,,,,,,,,,,,,,,,,,,,,,,,,,,,,,,,,,
product_4889f003-5892-4670-be37-83606cdfcf6c,Variant,,,,,101709137978,,,0,TRUE,,,9999,,,,brown bear wrist pom,,,,,,,,,,,,,,,,,,,,,,,,,,,,,,,,,,
product_4889f003-5892-4670-be37-83606cdfcf6c,Variant,,,,,101709137979,,,0,TRUE,,,9999,,,,white bear wrist pom,,,,,,,,,,,,,,,,,,,,,,,,,,,,,,,,,,
product_4889f003-5892-4670-be37-83606cdfcf6c,Variant,,,,,101709137980,,,0,TRUE,,,9999,,,,Black bear pom,,,,,,,,,,,,,,,,,,,,,,,,,,,,,,,,,,
product_53675cd1-741d-48c0-9fd8-823065994333,Product,Funky AirPod Cases,,a879b4_728d32de2225447cb9aa74869c6053c0~mv2.png;a879b4_558132bb742b49039db58439f056f170~mv2.jpg;a879b4_74259cc03c924608a9fbba14619674db~mv2.jpg;a879b4_23ba3e72e98a48e39cb77c636541cf04~mv2.jpg;a879b4_baa28f9598e847e0a187f41a3bc5f729~mv2.jpg;a879b4_b66eb08a78bc47409262e2a0d6311e42~mv2.jpg;a879b4_f6abddff18924c7e8ec3a2626655ece3~mv2.jpg;a879b4_2b973a402ab542d2a966042d7d0d7ba9~mv2.jpg;a879b4_28c16e348522419cb58b476b56dd5a43~mv2.jpg;a879b4_ab57d1d2f2aa44d9be953fb2d2618cc8~mv2.jpg;a879b4_7568636b4e9c4a6fb3b5a0f2f9df1028~mv2.jpg;a879b4_7613b14e13ca459e93efceec0d7f24cf~mv2.jpg;a879b4_bffa454fd86b4cd6ae628750cc0b934d~mv2.jpg;a879b4_011c4bb58f2a426a8966887585619743~mv2.jpg;a879b4_aff1bfbb09d74b7ab1d44fdff43560dd~mv2.jpg;a879b4_9160f9fa9b934d879f8fcdaa1853a104~mv2.jpg;a879b4_6a91b1fe72254a94ab0aee371facda56~mv2.jpg;a879b4_4d56f255408a4b0595ece99cfeadf1c3~mv2.jpg,Airpods,1600205800984,,10,,TRUE,PERCENT,0,0,0,Color,DROP_DOWN,Pink backpack;Black backpack;Purple backpack;Green backpack;Red backpack;Black camera;Speaker;Black handle;White handle;Black and white handle,,,,,,,,,,,,,,,,,,,,,,,,,,,,,,,,,,
product_53675cd1-741d-48c0-9fd8-823065994333,Variant,,,,,101195907928,,,0,TRUE,,,9999,,,,Black handle,,,,,,,,,,,,,,,,,,,,,,,,,,,,,,,,,,
product_53675cd1-741d-48c0-9fd8-823065994333,Variant,,,,,101049490831,,,0,TRUE,,,9999,,,,Green backpack,,,,,,,,,,,,,,,,,,,,,,,,,,,,,,,,,,
product_53675cd1-741d-48c0-9fd8-823065994333,Variant,,,,,101049490830,,,0,TRUE,,,9999,,,,Purple backpack,,,,,,,,,,,,,,,,,,,,,,,,,,,,,,,,,,
product_54116b01-1b6d-48b1-89a5-786744e169d2,Product,Dog LV Inspired Key Chain,<p>LV Inspired&nbsp;Canvas Design Fashion Doggy Design Keychain&nbsp;</p><p>Accessory for your bag or keychain!&nbsp;</p>,a879b4_48a70e77850d4021bfd2db94c3365401~mv2.png;a879b4_6e3091b3c18b4bea97632623398a284b~mv2.png;a879b4_6cad23df51ab465c961c001365b49974~mv2.png;a879b4_9424d112c04c4258803d63d3aee2ab2f~mv2.png;a879b4_44e223225c5a4d619f43744e5322791a~mv2.png;a879b4_c4b3c9304bac46d48c79b0de9a08d7d2~mv2.png;a879b4_837c47f0d5da45308153e981dbf04a2e~mv2.png,Designer Inspired;KeyChains,1600173100026,,10,,TRUE,PERCENT,0,0,0,Color,DROP_DOWN,White grid;Black grid;Brown flower;Brown grid;White flower;Black flower,,,,,,,,,,,,,,,,,,,,,,,,,,,,,,,,,,
product_54116b01-1b6d-48b1-89a5-786744e169d2,Variant,,,,,100794741676,,,0,TRUE,,,9999,,,,Brown grid,,,,,,,,,,,,,,,,,,,,,,,,,,,,,,,,,,
product_54116b01-1b6d-48b1-89a5-786744e169d2,Variant,,,,,100794741675,,,0,TRUE,,,9999,,,,Brown flower,,,,,,,,,,,,,,,,,,,,,,,,,,,,,,,,,,
product_b9e202c8-6a48-46ca-a549-9508fc929d58,Product,Gold Blue PlayBoy Bunny Belly Piercing,<p>entire piece is nickel free.</p>,a879b4_851520c528bc429599f319166550c9fc;a879b4_667aeab4c88d447bae52e6e7046203b4~mv2.png,Belly Piercing,,New Arrival,10,,TRUE,PERCENT,0,11,0,,,,,,,,,,,,,,,,,,,Care Instructions,"<p>Jewelry Care: Clean with antibacterial soap and warm water</p>

<p>Piercing Care: Clean with H2Ocean Aftercare Spray (sold separately) or saline solution</p>

<ul>
	<li>Note: Do not use rubbing alcohol to clean jewelry as this may cause tarnishing</li>
</ul>
",,,,,,,,,,,,,,,,,
product_bbc09d7e-7a9c-33ba-c2ae-b81f9aa5c820,Product,Blue PlayBoy Bunny Belly Piercing,<p>entire piece is nickel free.</p>,a879b4_851520c528bc429599f319166550c9fc;a879b4_667aeab4c88d447bae52e6e7046203b4~mv2.png,Belly Piercing,,New Arrival,10,,TRUE,PERCENT,0,8,0,,,,,,,,,,,,,,,,,,,Care Instructions,"<p>Jewelry Care: Clean with antibacterial soap and warm water</p>

<p>Piercing Care: Clean with H2Ocean Aftercare Spray (sold separately) or saline solution</p>

<ul>
	<li>Note: Do not use rubbing alcohol to clean jewelry as this may cause tarnishing</li>
</ul>
",,,,,,,,,,,,,,,,,
product_350d529d-d542-6c4d-0473-8ab51b8817d4,Product,Pink PlayBoy Bunny Belly Piercing,<p>entire piece is nickel free.</p>,a879b4_851520c528bc429599f319166550c9fc;a879b4_667aeab4c88d447bae52e6e7046203b4~mv2.png,Belly Piercing,,New Arrival,10,,TRUE,PERCENT,0,7,0,,,,,,,,,,,,,,,,,,,Care Instructions,"<p>Jewelry Care: Clean with antibacterial soap and warm water</p>

<p>Piercing Care: Clean with H2Ocean Aftercare Spray (sold separately) or saline solution</p>

<ul>
	<li>Note: Do not use rubbing alcohol to clean jewelry as this may cause tarnishing</li>
</ul>
",,,,,,,,,,,,,,,,,
product_37694e27-67c5-d190-edcd-7b1fa7d9cad0,Product,PlayBoy Bunny Belly Piercing,<p>entire piece is nickel free.</p>,a879b4_851520c528bc429599f319166550c9fc;a879b4_667aeab4c88d447bae52e6e7046203b4~mv2.png,Belly Piercing,,New Arrival,10,,TRUE,PERCENT,0,9,0,,,,,,,,,,,,,,,,,,,Care Instructions,"<p>Jewelry Care: Clean with antibacterial soap and warm water</p>

<p>Piercing Care: Clean with H2Ocean Aftercare Spray (sold separately) or saline solution</p>

<ul>
	<li>Note: Do not use rubbing alcohol to clean jewelry as this may cause tarnishing</li>
</ul>
",,,,,,,,,,,,,,,,,
product_aa9749ee-a9d5-83a8-97ce-6a94d5eb7706,Product,Anchor Anklet,,,Anklets;Jewelry,,,2,,FALSE,PERCENT,0,8,0,,,,,,,,,,,,,,,,,,,,,,,,,,,,,,,,,,,,,
product_43121a2b-0d55-6f09-f92e-58359c1fdcf3,Product,Heart & Infinity Anklet,,a879b4_2406cfd9bfb64d5585b6132dd3672143~mv2.png;a879b4_1fa64a75594343e68f4f868064b19dfa~mv2.png,Anklets;Jewelry,,,5,,FALSE,PERCENT,0,9,0,,,,,,,,,,,,,,,,,,,,,,,,,,,,,,,,,,,,,
product_dc5fd92c-f9d6-dfbc-de57-d27cc5d2f3b4,Product,Pearl & Infinity,,,Anklets;Jewelry,,,4,,FALSE,PERCENT,0,9,0,,,,,,,,,,,,,,,,,,,,,,,,,,,,,,,,,,,,,
product_77a279ce-7828-434c-12c3-883980cc8a37,Product,Polaroid Airpod Case 1st Gen,,a879b4_d6f114d6c1514aa6b53753e5079291a5~mv2.jpg,Airpods,,,9,,FALSE,PERCENT,0,3,0,,,,,,,,,,,,,,,,,,,,,,,,,,,,,,,,,,,,,
product_7a34a8e6-6eee-16ba-3e89-d194af4e0c31,Product,Taurus Necklace,,a879b4_69597e13859242b592e5ab911bc44329~mv2.jpg,Jewelry;Necklace,,,9,,FALSE,PERCENT,0,9,0,,,,,,,,,,,,,,,,,,,,,,,,,,,,,,,,,,,,,
product_0c99ce69-a0be-3d5c-4c0f-48fc8a4daae1,Product,Beauty,,,Lashes,,,8,,FALSE,PERCENT,0,8,0,,,,,,,,,,,,,,,,,,,,,,,,,,,,,,,,,,,,,
product_c3a94726-98ff-e9d5-1924-14a5ee6b1986,Product,Candy,,a879b4_7a1556cca7cf407296aa89378e7d0e3d~mv2.png;a879b4_bc83333c391e4a0bbfe1cecc5bb9ba64~mv2.png,Lashes,,,8,,TRUE,PERCENT,0,14,0,,,,,,,,,,,,,,,,,,,,,,,,,,,,,,,,,,,,,
product_f06c2700-6a93-2061-029d-fe3194fff885,Product,2002 Anklet,,a879b4_ea1b335a5bc74f05814269ecf89fa3d5~mv2.png,Anklets,,,6,,FALSE,PERCENT,0,7,0,,,,,,,,,,,,,,,,,,,,,,,,,,,,,,,,,,,,,
product_e02a12d0-2474-0733-a1a1-9d627bb836e5,Product,2003 Anklet,,a879b4_0e11170615374629b2294a37e376b7ea~mv2.png,Anklets,,,6,,FALSE,PERCENT,0,5,0,,,,,,,,,,,,,,,,,,,,,,,,,,,,,,,,,,,,,
product_8171d26e-0c64-cb2c-0d8f-2f5ed3eaf9e4,Product,2000 Anklet,,a879b4_c2fff4f3fdbc4c75abc2cc34755a5f44~mv2.png,Anklets,,,6,,FALSE,PERCENT,0,5,0,,,,,,,,,,,,,,,,,,,,,,,,,,,,,,,,,,,,,
product_751da764-24fd-9980-fa10-dfda20449ed9,Product,2001 Anklet,,a879b4_65211bff85184430b85de054523f7560~mv2.png,Anklets,,,6,,FALSE,PERCENT,0,5,0,,,,,,,,,,,,,,,,,,,,,,,,,,,,,,,,,,,,,
product_9aaba5c2-9561-53b3-9f9b-c6339cfbde62,Product,Freedom Anklet,,a879b4_89f5f4322a11462c959529838a6c8065~mv2.jpg,Anklets,,,7,,TRUE,PERCENT,0,17,0,,,,,,,,,,,,,,,,,,,,,,,,,,,,,,,,,,,,,
product_309eebe7-8353-f0bf-e995-9b89ccfba170,Product,Cute & Chic Croc Charm Bundle,<p>3-4 random croc charms</p>,a879b4_740993dfa2e84807b7341d59c18b5e76~mv2.png,Croc Charms,,,5,,TRUE,PERCENT,0,6,0,,,,,,,,,,,,,,,,,,,,,,,,,,,,,,,,,,,,,
product_44e18ee8-606c-502a-e4b0-5a66d5b4b318,Product,Kid Croc Charm Bundle,,,Croc Charms,,,5,,FALSE,PERCENT,0,8,0,,,,,,,,,,,,,,,,,,,,,,,,,,,,,,,,,,,,,
product_0692371c-e7c3-3e2a-d48e-5a40a272331b,Product,Black Excellence BUNDLE,,,Croc Charms,,,6,,FALSE,PERCENT,0,15,0,,,,,,,,,,,,,,,,,,,,,,,,,,,,,,,,,,,,,
product_7dcb287e-1a23-d4a8-9821-e9e70b7b1aab,Product,Doll Face,,,Lashes,,,7,,FALSE,PERCENT,0,16,0,,,,,,,,,,,,,,,,,,,,,,,,,,,,,,,,,,,,,
product_7b4f56a5-7519-8266-906a-6edc321a5024,Product,Petty,,a879b4_40b593bfe2984466b3a94be7a6247fb2~mv2.png,Lashes,,,7,,TRUE,PERCENT,0,11,0,,,,,,,,,,,,,,,,,,,,,,,,,,,,,,,,,,,,,
product_0bfc19e3-d3f8-f713-c7f3-6cd72b78661b,Product,Good Vibes,,a879b4_4f980b358ad748ffa1d9f9fc4b0776bf~mv2.png;a879b4_e63de564db89450099a207bba771303f~mv2.png,Lashes,,,8,,TRUE,PERCENT,0,8,0,,,,,,,,,,,,,,,,,,,,,,,,,,,,,,,,,,,,,
product_c5ee1346-47a5-7df4-455a-661f02441afc,Product,SheEO,,a879b4_1bd2663e9f604bde9827f8ef7f1d6027~mv2.png,,,,7,,TRUE,PERCENT,0,58,0,,,,,,,,,,,,,,,,,,,,,,,,,,,,,,,,,,,,,
product_ce553d0d-726c-9528-0dbb-7beef3b6aae5,Product,Trailblazer,,,,,,8,,FALSE,PERCENT,0,9,0,,,,,,,,,,,,,,,,,,,,,,,,,,,,,,,,,,,,,
product_8fb1401b-39ee-e938-ed6e-8bbf0d5e0b0d,Product,Hustle,,a879b4_a213716ea3ad44fa87c2e79d3a556300~mv2.png,Lashes,,,7,,TRUE,PERCENT,0,8,0,,,,,,,,,,,,,,,,,,,,,,,,,,,,,,,,,,,,,
product_3d22f8dd-233f-7505-3cb2-2fe44a60d4b5,Product,Angel,,a879b4_e578212163704fc9942e88c9d598abc3~mv2.png,Lashes,,,7,,TRUE,PERCENT,0,37,0,,,,,,,,,,,,,,,,,,,,,,,,,,,,,,,,,,,,,
product_b163f5ed-aa5d-bba0-9a76-0c910ee3327a,Product,Silver Charm Bracelet,,,,,,8,,FALSE,PERCENT,0,10,0,,,,,,,,,,,,,,,,,,,,,,,,,,,,,,,,,,,,,
product_136cb07e-3816-a348-4244-686467827b1f,Product,Gold Charm Bracelet,,,,,Silver,8,,FALSE,PERCENT,0,10,0,,,,,,,,,,,,,,,,,,,,,,,,,,,,,,,,,,,,,
product_73b43d5e-97dc-eb8a-ff68-b16167310789,Product,Kid's Basic Bangle,,,,,Gold,6,,FALSE,PERCENT,0,15,0,,,,,,,,,,,,,,,,,,,,,,,,,,,,,,,,,,,,,
product_e4204c39-9ad9-d310-cbb8-fd6404d3477d,Product,Kid's Basic Bangle,,,,,Silver,6,,FALSE,PERCENT,0,6,0,,,,,,,,,,,,,,,,,,,,,,,,,,,,,,,,,,,,,
product_8fb40953-6675-0cf3-f98f-13ba5df951ae,Product,Basic Bangle,<p>Basic&nbsp;charm bangles with&nbsp;&nbsp;picked at RANDOM. Bangles will feature 4-5 charms.</p><p>&nbsp;</p><p>colors can be suggested and will be accommodated at sellers discretion depending on what is in stock.</p>,a879b4_2c20e57370864d53bf1d534fcf0622b4~mv2.png;a879b4_a5984e68a06d4feeb2388a5ed5608626,,,Silver,8,,TRUE,PERCENT,0,15,0,,,,,,,,,,,,,,,,,,,,,,,,,,,,,,,,,,,,,
product_cf3e3151-2653-b050-ae74-6bb1845e01fc,Product,Basic Bangle,<p>Basic Charm bangles with 4-5 charms</p>,a879b4_94d8f695c73b4ec7aca93c54725b9d1f~mv2.jpg;a879b4_5730baaf1af9462991321846d474ef96,,,Gold,8,,TRUE,PERCENT,0,14,0,,,,,,,,,,,,,,,,,,,,,,,,,,,,,,,,,,,,,
product_f18c804b-4879-a463-75e6-f0b0ae3e2022,Product,Lux Bangle,,a879b4_28826efdd616468aab10ac3a109ab0a5~mv2.png;a879b4_5fcefa151f044328bc47d60c6db28f88,,,Silver,10,,TRUE,PERCENT,0,17,0,,,,,,,,,,,,,,,,,,,,,,,,,,,,,,,,,,,,,
product_cbb0e5bc-2d36-75ca-c5c2-81616876b3bb,Product,Lux Bangles,<p>Desiner inspired charm bangles. Charms picked at RANDOM. Bangles will feature 1-3 lux charms and regular mixed charms.</p><p>&nbsp;</p><p>colors can be suggested and will be accommodated at sellers discretion depending on what is in stock.</p>,a879b4_7d9c59afe6794baa8ca2ff49fe1d5793~mv2.png;a879b4_1a37ebbcdaa6417d9b8c23ce11a6d2f5,,,Gold,10,,TRUE,PERCENT,0,11,0,,,,,,,,,,,,,,,,,,,,,,,,,,,,,,,,,,,,,